key_hash,config_name,config_path,model,operation,batch_size,seq,tp,dp,pp,sp,cp,physical_topology,num_gpus,logical_topology,wall_time,gpu_time,comm_time,overlap,compute_util,memory_util,status,created_at
d8409b54607564200ff49bdd44210d73bcffd02937fe8718363a9eec820859ec,tp16_hbm4_80t_mesh2d_4x4_onering_qwen_gqa_baseline_fwd_block2x2_bs1_sl1024,/home/haotian/waferchip/mesh2D/astra_sim_picasso/examples/run_scripts/analytical/congestion_aware/configs/gqa_b1_80t_seq_scaling/tp16_hbm4_80t_mesh2d_4x4_onering_qwen_gqa_baseline_fwd_block2x2_bs1_sl1024.json,onering,qwen_gqa_baseline_fwd_block2x2,1,1024,16,,,,,80t,mesh2d,4x4,18422,182,18240,,86.134,15.926,SUCCESS,2026-03-10 21:47:29
fcf3c65a2649e38cb5b0f2dd57c80fc42c0eb87ffa9fdd375c75fb286b53899a,tp16_hbm4_80t_mesh2d_4x4_onering_qwen_gqa_baseline_fwd_block2x2_bs1_sl16384,/home/haotian/waferchip/mesh2D/astra_sim_picasso/examples/run_scripts/analytical/congestion_aware/configs/gqa_b1_80t_seq_scaling/tp16_hbm4_80t_mesh2d_4x4_onering_qwen_gqa_baseline_fwd_block2x2_bs1_sl16384.json,onering,qwen_gqa_baseline_fwd_block2x2,1,16384,16,,,,,80t,mesh2d,4x4,19206,966,18240,,59.372,46.086,SUCCESS,2026-03-10 21:47:30
58819c3a075699c4410c59a07f10a06ad3acb48bf7c3d113f93c54f374c0e2d3,tp16_hbm4_80t_mesh2d_4x4_onering_qwen_gqa_baseline_fwd_block2x2_bs1_sl2048,/home/haotian/waferchip/mesh2D/astra_sim_picasso/examples/run_scripts/analytical/congestion_aware/configs/gqa_b1_80t_seq_scaling/tp16_hbm4_80t_mesh2d_4x4_onering_qwen_gqa_baseline_fwd_block2x2_bs1_sl2048.json,onering,qwen_gqa_baseline_fwd_block2x2,1,2048,16,,,,,80t,mesh2d,4x4,18474,234,18240,,78.83,24.158,SUCCESS,2026-03-10 21:47:31
b28612fcafb75e8dd8b1bb9de4acf1f0ca4f2a567379fdd7f492bf5476b63295,tp16_hbm4_80t_mesh2d_4x4_onering_qwen_gqa_baseline_fwd_block2x2_bs1_sl32768,/home/haotian/waferchip/mesh2D/astra_sim_picasso/examples/run_scripts/analytical/congestion_aware/configs/gqa_b1_80t_seq_scaling/tp16_hbm4_80t_mesh2d_4x4_onering_qwen_gqa_baseline_fwd_block2x2_bs1_sl32768.json,onering,qwen_gqa_baseline_fwd_block2x2,1,32768,16,,,,,80t,mesh2d,4x4,20046,1806,18240,,56.468,49.358,SUCCESS,2026-03-10 21:47:32
08aefa5346bb43549a89aac39a758f6f0d42f0a06d626c85d46fdb0974bf4c21,tp16_hbm4_80t_mesh2d_4x4_onering_qwen_gqa_baseline_fwd_block2x2_bs1_sl4096,/home/haotian/waferchip/mesh2D/astra_sim_picasso/examples/run_scripts/analytical/congestion_aware/configs/gqa_b1_80t_seq_scaling/tp16_hbm4_80t_mesh2d_4x4_onering_qwen_gqa_baseline_fwd_block2x2_bs1_sl4096.json,onering,qwen_gqa_baseline_fwd_block2x2,1,4096,16,,,,,80t,mesh2d,4x4,18578,338,18240,,70.944,33.045,SUCCESS,2026-03-10 21:47:33
1517db75249000e1ad90f38cc279ae77d571e99656a506956c1588a082f9ef84,tp16_hbm4_80t_mesh2d_4x4_onering_qwen_gqa_baseline_fwd_block2x2_bs1_sl65536,/home/haotian/waferchip/mesh2D/astra_sim_picasso/examples/run_scripts/analytical/congestion_aware/configs/gqa_b1_80t_seq_scaling/tp16_hbm4_80t_mesh2d_4x4_onering_qwen_gqa_baseline_fwd_block2x2_bs1_sl65536.json,onering,qwen_gqa_baseline_fwd_block2x2,1,65536,16,,,,,80t,mesh2d,4x4,21722,3482,18240,,54.859,51.171,SUCCESS,2026-03-10 21:47:35
68b0bfb13febdc37883cafde312d0826589c85533da30dd45ff4c4be23223e7f,tp16_hbm4_80t_mesh2d_4x4_onering_qwen_gqa_baseline_fwd_block2x2_bs1_sl8192,/home/haotian/waferchip/mesh2D/astra_sim_picasso/examples/run_scripts/analytical/congestion_aware/configs/gqa_b1_80t_seq_scaling/tp16_hbm4_80t_mesh2d_4x4_onering_qwen_gqa_baseline_fwd_block2x2_bs1_sl8192.json,onering,qwen_gqa_baseline_fwd_block2x2,1,8192,16,,,,,80t,mesh2d,4x4,18786,546,18240,,64.168,40.681,SUCCESS,2026-03-10 21:47:36
b94f09400714b14866848220cef8af770e35d79bc87552ce57434e78ad86c672,tp16_hbm4_80t_mesh2d_4x4_onering_qwen_gqa_hmp_fwd_block2x2_bs1_sl1024,/home/haotian/waferchip/mesh2D/astra_sim_picasso/examples/run_scripts/analytical/congestion_aware/configs/gqa_b1_80t_seq_scaling/tp16_hbm4_80t_mesh2d_4x4_onering_qwen_gqa_hmp_fwd_block2x2_bs1_sl1024.json,onering,qwen_gqa_hmp_fwd_block2x2,1,1024,16,,,,,80t,mesh2d,4x4,340,340,,,92.339,9.2,SUCCESS,2026-03-10 21:47:36
545a593acecdba8e486f6b67ad2ba9aa8986a21bf2bb6a4181083fa2ff63a2d3,tp16_hbm4_80t_mesh2d_4x4_onering_qwen_gqa_hmp_fwd_block2x2_bs1_sl16384,/home/haotian/waferchip/mesh2D/astra_sim_picasso/examples/run_scripts/analytical/congestion_aware/configs/gqa_b1_80t_seq_scaling/tp16_hbm4_80t_mesh2d_4x4_onering_qwen_gqa_hmp_fwd_block2x2_bs1_sl16384.json,onering,qwen_gqa_hmp_fwd_block2x2,1,16384,16,,,,,80t,mesh2d,4x4,1124,1124,,,65.011,39.811,SUCCESS,2026-03-10 21:47:36
12b48b2264ab6067d930f3bdfd4b4b3174ca7129ca8c6b27744fe7d0eb2ea867,tp16_hbm4_80t_mesh2d_4x4_onering_qwen_gqa_hmp_fwd_block2x2_bs1_sl2048,/home/haotian/waferchip/mesh2D/astra_sim_picasso/examples/run_scripts/analytical/congestion_aware/configs/gqa_b1_80t_seq_scaling/tp16_hbm4_80t_mesh2d_4x4_onering_qwen_gqa_hmp_fwd_block2x2_bs1_sl2048.json,onering,qwen_gqa_hmp_fwd_block2x2,1,2048,16,,,,,80t,mesh2d,4x4,392,392,,,87.15,15.012,SUCCESS,2026-03-10 21:47:36
0a4d86007b4e6f93ad4f989a6ba4e029e6e0200e38a66ce5a039c6d9d8c997fe,tp16_hbm4_80t_mesh2d_4x4_onering_qwen_gqa_hmp_fwd_block2x2_bs1_sl32768,/home/haotian/waferchip/mesh2D/astra_sim_picasso/examples/run_scripts/analytical/congestion_aware/configs/gqa_b1_80t_seq_scaling/tp16_hbm4_80t_mesh2d_4x4_onering_qwen_gqa_hmp_fwd_block2x2_bs1_sl32768.json,onering,qwen_gqa_hmp_fwd_block2x2,1,32768,16,,,,,80t,mesh2d,4x4,1964,1964,,,59.93,45.503,SUCCESS,2026-03-10 21:47:36
df66811808b34c3755cafe4d5cfef8902ffe7685cb68a1b76f92523e3379cce9,tp16_hbm4_80t_mesh2d_4x4_onering_qwen_gqa_hmp_fwd_block2x2_bs1_sl4096,/home/haotian/waferchip/mesh2D/astra_sim_picasso/examples/run_scripts/analytical/congestion_aware/configs/gqa_b1_80t_seq_scaling/tp16_hbm4_80t_mesh2d_4x4_onering_qwen_gqa_hmp_fwd_block2x2_bs1_sl4096.json,onering,qwen_gqa_hmp_fwd_block2x2,1,4096,16,,,,,80t,mesh2d,4x4,496,496,,,80.03,22.988,SUCCESS,2026-03-10 21:47:36
c8dc2f1641440af3ccd0c5ec036caea21648f03a41fd5233626388c3adb6ff69,tp16_hbm4_80t_mesh2d_4x4_onering_qwen_gqa_hmp_fwd_block2x2_bs1_sl65536,/home/haotian/waferchip/mesh2D/astra_sim_picasso/examples/run_scripts/analytical/congestion_aware/configs/gqa_b1_80t_seq_scaling/tp16_hbm4_80t_mesh2d_4x4_onering_qwen_gqa_hmp_fwd_block2x2_bs1_sl65536.json,onering,qwen_gqa_hmp_fwd_block2x2,1,65536,16,,,,,80t,mesh2d,4x4,3640,3640,,,56.798,49.011,SUCCESS,2026-03-10 21:47:36
423852d4a83068a44bfd2f8b4c42588baa7c5e102ea958bfc78483a477875907,tp16_hbm4_80t_mesh2d_4x4_onering_qwen_gqa_hmp_fwd_block2x2_bs1_sl8192,/home/haotian/waferchip/mesh2D/astra_sim_picasso/examples/run_scripts/analytical/congestion_aware/configs/gqa_b1_80t_seq_scaling/tp16_hbm4_80t_mesh2d_4x4_onering_qwen_gqa_hmp_fwd_block2x2_bs1_sl8192.json,onering,qwen_gqa_hmp_fwd_block2x2,1,8192,16,,,,,80t,mesh2d,4x4,704,704,,,72.092,31.879,SUCCESS,2026-03-10 21:47:36
670d5bfc10a2a5716917b9c69f63020a66c50c33b3cb2bfcea4c85608260612b,tp16_hbm4_80t_mesh2d_4x4_onering_qwen_gqa_tp16_fwd_bs1_sl1024,/home/haotian/waferchip/mesh2D/astra_sim_picasso/examples/run_scripts/analytical/congestion_aware/configs/gqa_b1_80t_seq_scaling/tp16_hbm4_80t_mesh2d_4x4_onering_qwen_gqa_tp16_fwd_bs1_sl1024.json,onering,qwen_gqa_tp16_fwd,1,1024,16,,,,,80t,mesh2d,4x4,23442,162,23280,,84.433,21.199,SUCCESS,2026-03-10 21:49:08
0521626c9b82e5f294067eb72ba0ea613c5d3e71070ea71aede85c51884f1abc,tp16_hbm4_80t_mesh2d_4x4_onering_qwen_gqa_tp16_fwd_bs1_sl16384,/home/haotian/waferchip/mesh2D/astra_sim_picasso/examples/run_scripts/analytical/congestion_aware/configs/gqa_b1_80t_seq_scaling/tp16_hbm4_80t_mesh2d_4x4_onering_qwen_gqa_tp16_fwd_bs1_sl16384.json,onering,qwen_gqa_tp16_fwd,1,16384,16,,,,,80t,mesh2d,4x4,24371,946,23425,,58.514,55.391,SUCCESS,2026-03-10 21:49:09
2eae6a37550c9cab4b771d9710b9d65637d0c9bd2d2303dda07f8c44d17f4c24,tp16_hbm4_80t_mesh2d_4x4_onering_qwen_gqa_tp16_fwd_bs1_sl2048,/home/haotian/waferchip/mesh2D/astra_sim_picasso/examples/run_scripts/analytical/congestion_aware/configs/gqa_b1_80t_seq_scaling/tp16_hbm4_80t_mesh2d_4x4_onering_qwen_gqa_tp16_fwd_bs1_sl2048.json,onering,qwen_gqa_tp16_fwd,1,2048,16,,,,,80t,mesh2d,4x4,23494,214,23280,,76.86,31.188,SUCCESS,2026-03-10 21:49:11
3bf8a2aa5bc334532f5070139645da8d929a1cb47aa96b70f84c379c1e7308b7,tp16_hbm4_80t_mesh2d_4x4_onering_qwen_gqa_tp16_fwd_bs1_sl32768,/home/haotian/waferchip/mesh2D/astra_sim_picasso/examples/run_scripts/analytical/congestion_aware/configs/gqa_b1_80t_seq_scaling/tp16_hbm4_80t_mesh2d_4x4_onering_qwen_gqa_tp16_fwd_bs1_sl32768.json,onering,qwen_gqa_tp16_fwd,1,32768,16,,,,,80t,mesh2d,4x4,25501,1786,23715,,55.981,58.733,SUCCESS,2026-03-10 21:49:12
6a4381e87f31f7658fb0257282b29e2d11ee68330880b2ef027f8ef84ba5b535,tp16_hbm4_80t_mesh2d_4x4_onering_qwen_gqa_tp16_fwd_bs1_sl4096,/home/haotian/waferchip/mesh2D/astra_sim_picasso/examples/run_scripts/analytical/congestion_aware/configs/gqa_b1_80t_seq_scaling/tp16_hbm4_80t_mesh2d_4x4_onering_qwen_gqa_tp16_fwd_bs1_sl4096.json,onering,qwen_gqa_tp16_fwd,1,4096,16,,,,,80t,mesh2d,4x4,23598,318,23280,,69.122,41.396,SUCCESS,2026-03-10 21:49:14
c722ce09d515b66dcdc5f05a48d949895da05e120884e4869452fc23886a2a43,tp16_hbm4_80t_mesh2d_4x4_onering_qwen_gqa_tp16_fwd_bs1_sl65536,/home/haotian/waferchip/mesh2D/astra_sim_picasso/examples/run_scripts/analytical/congestion_aware/configs/gqa_b1_80t_seq_scaling/tp16_hbm4_80t_mesh2d_4x4_onering_qwen_gqa_tp16_fwd_bs1_sl65536.json,onering,qwen_gqa_tp16_fwd,1,65536,16,,,,,80t,mesh2d,4x4,27685,3462,24223,,54.599,60.556,SUCCESS,2026-03-10 21:49:15
a67dc78c4648159686de86c89e5a89eb167a06cca28d9182be4cb65e4b84e53e,tp16_hbm4_80t_mesh2d_4x4_onering_qwen_gqa_tp16_fwd_bs1_sl8192,/home/haotian/waferchip/mesh2D/astra_sim_picasso/examples/run_scripts/analytical/congestion_aware/configs/gqa_b1_80t_seq_scaling/tp16_hbm4_80t_mesh2d_4x4_onering_qwen_gqa_tp16_fwd_bs1_sl8192.json,onering,qwen_gqa_tp16_fwd,1,8192,16,,,,,80t,mesh2d,4x4,23806,526,23280,,62.808,49.726,SUCCESS,2026-03-10 21:49:16
a1ead61f85f531c2d478b3ffcfb928bafd0997009ecf97c120215349de694bbf,tp16_hbm4_80t_mesh2d_4x4_onering_qwen_gqa_baseline_fwd_block2x2_bs1_sl1048576,/home/haotian/waferchip/mesh2D/astra_sim_picasso/examples/run_scripts/analytical/congestion_aware/configs/gqa_b1_80t_seq_scaling/tp16_hbm4_80t_mesh2d_4x4_onering_qwen_gqa_baseline_fwd_block2x2_bs1_sl1048576.json,onering,qwen_gqa_baseline_fwd_block2x2,1,1048576,16,,,,,80t,mesh2d,4x4,72054,53814,18240,,53.237,52.999,SUCCESS,2026-03-10 22:23:32
80a5dd710f6f03ca43142125dfc100c6ad66265f754ff274a2530c3fc7770fce,tp16_hbm4_80t_mesh2d_4x4_onering_qwen_gqa_baseline_fwd_block2x2_bs1_sl131072,/home/haotian/waferchip/mesh2D/astra_sim_picasso/examples/run_scripts/analytical/congestion_aware/configs/gqa_b1_80t_seq_scaling/tp16_hbm4_80t_mesh2d_4x4_onering_qwen_gqa_baseline_fwd_block2x2_bs1_sl131072.json,onering,qwen_gqa_baseline_fwd_block2x2,1,131072,16,,,,,80t,mesh2d,4x4,25078,6838,18240,,54.008,52.13,SUCCESS,2026-03-10 22:23:33
5e8853a0a280a8564ec4b68dad4aff0c312190b690547379a5827d906e768f54,tp16_hbm4_80t_mesh2d_4x4_onering_qwen_gqa_baseline_fwd_block2x2_bs1_sl262144,/home/haotian/waferchip/mesh2D/astra_sim_picasso/examples/run_scripts/analytical/congestion_aware/configs/gqa_b1_80t_seq_scaling/tp16_hbm4_80t_mesh2d_4x4_onering_qwen_gqa_baseline_fwd_block2x2_bs1_sl262144.json,onering,qwen_gqa_baseline_fwd_block2x2,1,262144,16,,,,,80t,mesh2d,4x4,31790,13550,18240,,53.571,52.623,SUCCESS,2026-03-10 22:23:34
0ba368a51e25106bf2f268f6eed93c89e6c0c6a8c2eab3ae6194ed05426099e8,tp16_hbm4_80t_mesh2d_4x4_onering_qwen_gqa_baseline_fwd_block2x2_bs1_sl524288,/home/haotian/waferchip/mesh2D/astra_sim_picasso/examples/run_scripts/analytical/congestion_aware/configs/gqa_b1_80t_seq_scaling/tp16_hbm4_80t_mesh2d_4x4_onering_qwen_gqa_baseline_fwd_block2x2_bs1_sl524288.json,onering,qwen_gqa_baseline_fwd_block2x2,1,524288,16,,,,,80t,mesh2d,4x4,45210,26970,18240,,53.349,52.873,SUCCESS,2026-03-10 22:23:35
4965018726ccee0a97c5a518e2e9502f53062e7ff0acc2099f4a2514c7b1d91c,tp16_hbm4_80t_mesh2d_4x4_onering_qwen_gqa_hmp_fwd_block2x2_bs1_sl1048576,/home/haotian/waferchip/mesh2D/astra_sim_picasso/examples/run_scripts/analytical/congestion_aware/configs/gqa_b1_80t_seq_scaling/tp16_hbm4_80t_mesh2d_4x4_onering_qwen_gqa_hmp_fwd_block2x2_bs1_sl1048576.json,onering,qwen_gqa_hmp_fwd_block2x2,1,1048576,16,,,,,80t,mesh2d,4x4,53972,53972,,,53.373,52.848,SUCCESS,2026-03-10 22:23:35
94b59404366e08a7c8ba8f55d3b997618e3eae44d08acac6cae3831f192af3a3,tp16_hbm4_80t_mesh2d_4x4_onering_qwen_gqa_hmp_fwd_block2x2_bs1_sl131072,/home/haotian/waferchip/mesh2D/astra_sim_picasso/examples/run_scripts/analytical/congestion_aware/configs/gqa_b1_80t_seq_scaling/tp16_hbm4_80t_mesh2d_4x4_onering_qwen_gqa_hmp_fwd_block2x2_bs1_sl131072.json,onering,qwen_gqa_hmp_fwd_block2x2,1,131072,16,,,,,80t,mesh2d,4x4,6996,6996,,,55.036,50.984,SUCCESS,2026-03-10 22:23:35
dd9634d12ca9a12a5bc485e1590ab14ae3c43992fb1902837765cd2a5a74a2dc,tp16_hbm4_80t_mesh2d_4x4_onering_qwen_gqa_hmp_fwd_block2x2_bs1_sl262144,/home/haotian/waferchip/mesh2D/astra_sim_picasso/examples/run_scripts/analytical/congestion_aware/configs/gqa_b1_80t_seq_scaling/tp16_hbm4_80t_mesh2d_4x4_onering_qwen_gqa_hmp_fwd_block2x2_bs1_sl262144.json,onering,qwen_gqa_hmp_fwd_block2x2,1,262144,16,,,,,80t,mesh2d,4x4,13708,13708,,,54.1,52.032,SUCCESS,2026-03-10 22:23:35
f0e52caaca0a41eb5f230265855fe5b0b9360280b7f2286830af333df96a751b,tp16_hbm4_80t_mesh2d_4x4_onering_qwen_gqa_hmp_fwd_block2x2_bs1_sl524288,/home/haotian/waferchip/mesh2D/astra_sim_picasso/examples/run_scripts/analytical/congestion_aware/configs/gqa_b1_80t_seq_scaling/tp16_hbm4_80t_mesh2d_4x4_onering_qwen_gqa_hmp_fwd_block2x2_bs1_sl524288.json,onering,qwen_gqa_hmp_fwd_block2x2,1,524288,16,,,,,80t,mesh2d,4x4,27128,27128,,,53.618,52.573,SUCCESS,2026-03-10 22:23:35
23a0c02646f8c2d40b462e7cc88e16a2ed643f7e1a30ed09568676e65ddc7a02,tp16_hbm4_80t_mesh2d_4x4_onering_qwen_gqa_tp16_fwd_bs1_sl1048576,/home/haotian/waferchip/mesh2D/astra_sim_picasso/examples/run_scripts/analytical/congestion_aware/configs/gqa_b1_80t_seq_scaling/tp16_hbm4_80t_mesh2d_4x4_onering_qwen_gqa_tp16_fwd_bs1_sl1048576.json,onering,qwen_gqa_tp16_fwd,1,1048576,16,,,,,80t,mesh2d,4x4,93504,53794,39710,,53.22,62.375,SUCCESS,2026-03-10 22:25:09
b21b5501436d9257ea49dfdda8fe611c5db0f33a84581ddfb7130b7fac3cb7a7,tp16_hbm4_80t_mesh2d_4x4_onering_qwen_gqa_tp16_fwd_bs1_sl131072,/home/haotian/waferchip/mesh2D/astra_sim_picasso/examples/run_scripts/analytical/congestion_aware/configs/gqa_b1_80t_seq_scaling/tp16_hbm4_80t_mesh2d_4x4_onering_qwen_gqa_tp16_fwd_bs1_sl131072.json,onering,qwen_gqa_tp16_fwd,1,131072,16,,,,,80t,mesh2d,4x4,32129,6818,25311,,53.873,61.513,SUCCESS,2026-03-10 22:25:10
e5b86789cde715b006d4a3db166b58debdbe036d69fa0f50dd7c548c4b044293,tp16_hbm4_80t_mesh2d_4x4_onering_qwen_gqa_tp16_fwd_bs1_sl262144,/home/haotian/waferchip/mesh2D/astra_sim_picasso/examples/run_scripts/analytical/congestion_aware/configs/gqa_b1_80t_seq_scaling/tp16_hbm4_80t_mesh2d_4x4_onering_qwen_gqa_tp16_fwd_bs1_sl262144.json,onering,qwen_gqa_tp16_fwd,1,262144,16,,,,,80t,mesh2d,4x4,40872,13530,27342,,53.502,62.002,SUCCESS,2026-03-10 22:25:11
6aaa7f5c71c7f6da02c7113490762abc8f96e00831726080107318bc8b752d8f,tp16_hbm4_80t_mesh2d_4x4_onering_qwen_gqa_tp16_fwd_bs1_sl524288,/home/haotian/waferchip/mesh2D/astra_sim_picasso/examples/run_scripts/analytical/congestion_aware/configs/gqa_b1_80t_seq_scaling/tp16_hbm4_80t_mesh2d_4x4_onering_qwen_gqa_tp16_fwd_bs1_sl524288.json,onering,qwen_gqa_tp16_fwd,1,524288,16,,,,,80t,mesh2d,4x4,58427,26950,31477,,53.314,62.25,SUCCESS,2026-03-10 22:25:13
